Wall time,Step,Value
1590120788.721151,8000,0.9233999848365784
