Wall time,Step,Value
1590120841.553379,8000,0.9101999998092651
