Wall time,Time,Step,Value
1594084866,0,0,0.1000000015
1594085237,371.6512301,250,0.7240999937
1594085549,683.21541,500,0.8281999826
1594085860,994.595,750,0.8669999838
1594086232,1236.31381,1000,0.8630999923
1594086724,1728.16895,1250,0.8927000165
1594087096,2099.74139,1500,0.8830000162